{
"name": "CSD",
"children": [
{"name": "Structure", "size": 7.25, "billable": 1.5, "presales": 1, "ti": 2.75, "idle": 0, "training": 0, "vacation": 0, "sickness": 0, "unknown": 2},
{
"name": "DIGITAL",
"children": [
{"name": "Factory", "size": 95.82, "billable": 39.88, "presales": 0.88, "ti": 0.12, "idle": 10.5, "training": 0, "vacation": 4.88, "sickness": 0, "unknown": 38.58},
{"name": "Archi", "size": 38.15, "billable": 12.75, "presales": 0.5, "ti": 0, "idle": 2.5, "training": 0.25, "vacation": 2.13, "sickness": 1, "unknown": 19.03},
{"name": "Pole", "size": 11.25, "billable": 6.25, "presales": 0, "ti": 2.25, "idle": 0.5, "training": 0, "vacation": 1.25, "sickness": 0, "unknown": 1},
{"name": "Paris", "size": 15.5, "billable": 6.88, "presales": 1.5, "ti": 2, "idle": 0.88, "training": 0.25, "vacation": 1, "sickness": 0, "unknown": 3},
{"name": "Str", "size": 1, "billable": 0, "presales": 0, "ti": 0, "idle": 0, "training": 0, "vacation": 0, "sickness": 0, "unknown": 1}
]
},
{
"name": "RTC",
"children": [
{"name": "Pau", "size": 66.18, "billable": 40.13, "presales": 4.5, "ti": 0.63, "idle": 2.25, "training": 0.25, "vacation": 4.38, "sickness": 1, "unknown": 13.05},
{"name": "Bayonne", "size": 69.53, "billable": 26.38, "presales": 2.25, "ti": 1.25, "idle": 0, "training": 0, "vacation": 1.25, "sickness": 1.75, "unknown": 36.65}
]
},
{"name": "SA", "size": 168.58, "billable": 83.81, "presales": 5.13, "ti": 4.75, "idle": 4.13, "training": 0.31, "vacation": 10, "sickness": 1, "unknown": 59.45},
{
"name": "OCS",
"children": [
{"name": "Rennes", "size": 114.8, "billable": 74, "presales": 4.13, "ti": 3.63, "idle": 6.13, "training": 1.13, "vacation": 15.38, "sickness": 1.75, "unknown": 7.93},
{"name": "Paris", "size": 50.25, "billable": 33.5, "presales": 0.5, "ti": 0.25, "idle": 5.5, "training": 0, "vacation": 5.51, "sickness": 0, "unknown": 5}
]
}
]
}
