{
"name": "CSD",
"children": [
{"name": "Structure", "size": 7, "billable": 1, "presales": 0.8, "ti": 3.6, "idle": 0, "training": 0, "vacation": 0.6, "sickness": 1, "unknown": 0},
{
"name": "DIGITAL",
"children": [
{"name": "Factory", "size": 90, "billable": 65, "presales": 2.1, "ti": 0.4, "idle": 11.15, "training": 0, "vacation": 7.55, "sickness": 3.2, "unknown": 0},
{"name": "Archi", "size": 36.9, "billable": 26, "presales": 3.7, "ti": 0, "idle": 1.6, "training": 0, "vacation": 5, "sickness": 0.6, "unknown": 0},
{"name": "Pole", "size": 10.8, "billable": 6.8, "presales": 0.55, "ti": 2, "idle": 0.25, "training": 0, "vacation": 1.2, "sickness": 0, "unknown": 0},
{"name": "Paris", "size": 15, "billable": 9.8, "presales": 0.6, "ti": 2, "idle": 0, "training": 0, "vacation": 2.6, "sickness": 0, "unknown": 0},
{"name": "Str", "size": 2, "billable": 0, "presales": 0, "ti": 0, "idle": 0, "training": 0, "vacation": 1, "sickness": 0, "unknown": 1}
]
},
{
"name": "RTC",
"children": [
{"name": "Pau", "size": 67.4, "billable": 48.95, "presales": 4.4, "ti": 0.35, "idle": 3.2, "training": 0.2, "vacation": 9.9, "sickness": 0, "unknown": 0.4},
{"name": "Bayonne", "size": 69.6, "billable": 51.15, "presales": 2, "ti": 2.55, "idle": 0, "training": 0, "vacation": 9.4, "sickness": 2.3, "unknown": 2.2}
]
},
{"name": "SA", "size": 164.6, "billable": 122.45, "presales": 8.15, "ti": 4, "idle": 4.4, "training": 0.2, "vacation": 21.5, "sickness": 3.2, "unknown": 0.7},
{
"name": "OCS",
"children": [
{"name": "Rennes", "size": 117.8, "billable": 85.65, "presales": 6.1, "ti": 3, "idle": 4.1, "training": 0.45, "vacation": 13.8, "sickness": 2.8, "unknown": 1.1},
{"name": "Paris", "size": 49.7, "billable": 39.6, "presales": 3, "ti": 0.5, "idle": 3, "training": 0.7, "vacation": 2.9, "sickness": 0, "unknown": 0}
]
}
]
}
