{
"name": "CSD",
"children": [
{"name": "Structure", "size": 7, "billable": 1.4, "presales": 1, "ti": 4.2, "idle": 0, "training": 0, "vacation": 0.2, "sickness": 0.2, "unknown": 0},
{
"name": "DIGITAL",
"children": [
{"name": "Factory", "size": 91.4, "billable": 38.35, "presales": 0.8, "ti": 0.15, "idle": 9.9, "training": 0.6, "vacation": 3.6, "sickness": 0.6, "unknown": 36.4},
{"name": "Archi", "size": 36.9, "billable": 15.5, "presales": 0.8, "ti": 0, "idle": 1.3, "training": 0, "vacation": 1.8, "sickness": 1, "unknown": 16.5},
{"name": "Pole", "size": 10.8, "billable": 6.9, "presales": 0.5, "ti": 1.8, "idle": 0.4, "training": 0, "vacation": 0, "sickness": 0, "unknown": 1.2},
{"name": "Paris", "size": 15, "billable": 5.9, "presales": 1.6, "ti": 2.1, "idle": 1, "training": 0.2, "vacation": 1.2, "sickness": 0, "unknown": 3},
{"name": "Str", "size": 1, "billable": 0.5, "presales": 0, "ti": 0, "idle": 0, "training": 0, "vacation": 0.1, "sickness": 0, "unknown": 0.4}
]
},
{
"name": "RTC",
"children": [
{"name": "Pau", "size": 62.7, "billable": 45, "presales": 3.5, "ti": 0.6, "idle": 1.2, "training": 1.2, "vacation": 2.6, "sickness": 1, "unknown": 7.6},
{"name": "Bayonne", "size": 68.9, "billable": 31.95, "presales": 2.55, "ti": 1, "idle": 0, "training": 0.9, "vacation": 0.7, "sickness": 1.7, "unknown": 30.1}
]
},
{"name": "SA", "size": 164.6, "billable": 136.05, "presales": 8.7, "ti": 6.1, "idle": 5.5, "training": 1.45, "vacation": 4.3, "sickness": 2, "unknown": 0.5},
{
"name": "OCS",
"children": [
{"name": "Rennes", "size": 112.7, "billable": 87.1, "presales": 5.4, "ti": 4.35, "idle": 7.6, "training": 0.25, "vacation": 5.2, "sickness": 2, "unknown": 0},
{"name": "Paris", "size": 48.3, "billable": 34.7, "presales": 1.1, "ti": 2.3, "idle": 5, "training": 1.3, "vacation": 2.9, "sickness": 0, "unknown": 1}
]
}
]
}
